"","PC1","PC2","PC3","PC4","PC5","PC6","PC7","PC8","PC9"
"Habitus.Daun..V1.",-0.215230088128102,0.0851677080091648,-0.286338247107064,0.019031042476357,0.00678155822045504,0.0116020409214585,0.0131042908173026,0.194115872171237,0.107302851827816
"Kenampakan.permukaan.daun..V2.",-0.0605993355771011,0.219750090365488,0.0409804659952814,0.232685971586838,-0.36710490849553,-0.0162913579090148,0.0836513879752415,0.0712035048855925,-0.0440997895144953
"Bentuk.pangkal.daun..V3.",-0.159838149509671,-0.303311929925914,0.0814348353596079,-0.0640910604010014,0.190045319083188,0.0639888010305564,0.090757099944889,0.0552212471071427,0.268595196274698
"Warna.tulang.daun.atas..V4.",0.199613850810616,-0.112382448422998,0.0878037695527442,-0.10145645723543,-0.232132232000371,0.226202322650159,-0.0368388971234342,0.343727219123455,-0.0742072273275679
"Warna.tulang.daun.bawah..V5.",0.034725572726332,0.133767448893599,-0.289213494778808,0.147679492962998,0.241784599460746,-0.0887163997981684,0.206740407614455,0.175645635425841,0.245774772202274
"Lilin.pada.daun..V6.",-0.0947484619861153,-0.135867646704386,-0.181013390010565,-0.220673062789199,-0.17256136267313,-0.330042253058375,-0.0542473339984477,-0.0925876782449938,-0.149122957883281
"Bentuk.pangkal.helaian.daun..V7.",0.233018129601429,-0.0286544021667267,0.0123381695176008,-0.287579131665751,-0.0848587012860002,-0.0611772849219609,0.0879203174751453,-0.104751366871745,0.0701232605169419
"Warna.atas.daun..V8.",-0.064020937403838,0.154879455446242,-0.203918956318925,-0.307521322293357,0.0640377045051212,0.178072605779029,0.107988553827968,0.045588173310256,-0.0254574058658147
"Warna.bawah.daun..V9.",0.0241466656782959,-0.0956373597172875,-0.0878473732953565,-0.12145747843611,0.219015135399149,-0.175438873780001,0.517618318298246,0.214791071418348,-0.160737451230067
"Tekstur.permukaan.daun..V10.",-0.097481218313365,0.0494640004566454,-0.179872746767963,-0.335154299760502,0.0326298379934543,-0.112552528407188,0.0211840050309868,-0.306086539432588,0.338204638462514
"Tipe.Tegakan.Daun..V11.",-0.215230088128102,0.0851677080091648,-0.286338247107064,0.019031042476357,0.00678155822045511,0.0116020409214586,0.0131042908173027,0.194115872171237,0.068173149130988
"Warna.batang.semu..V12.",0.0164798201379173,0.244169420677242,0.255477997763829,-0.219061033638731,-0.0567550239928369,-0.00529459823533567,-0.116195783433047,0.00454054204314102,0.0255889267479091
"Bentuk.batang.semu..V13.",-0.269231912664014,-0.0465681714125323,0.151836815572527,0.00688914574588388,-0.10168163369636,-0.107642015356674,-0.104412948815596,0.234376995136414,-0.0514610569967511
"Aspek.batang.semu..V14.",-0.263543897339034,-0.0232221886806923,0.218170277199406,-0.0491723794399611,-0.114830811900494,-0.0170206056749858,0.0679035748870928,-0.0235773388651497,0.018932747300251
"Posisi.tandan..V15.",0.0454823948272539,-0.297569434269324,0.153234672912563,-0.0652694268194449,0.141300582646278,0.292105568044287,0.00695892272939761,0.0952983554118795,0.206980109271321
"Bentuk.tandan..V16.",0.0118271276206273,0.0834444521595847,0.261908524802409,0.173487794412524,-0.131580582321035,-0.367898043989136,0.0231577580284463,0.156790673890043,0.152835032110895
"Posisi.buah..V17.",0.17278230594076,0.000812262350961825,-0.1695247458865,0.0875698129222578,-0.104721659357665,0.283110553726716,-0.362678279763229,0.0741027833274911,0.431840776165121
"Bentuk.buah..V18.",-0.00426803377948681,0.12722506315719,-0.0372242397075973,0.175738744521328,0.461494886493945,0.104907640818979,-0.217502806620252,-0.146928185672948,-0.16579462834424
"Ujung.buah..V19.",-0.0507430462529537,-0.135536035326958,-0.14630918312065,0.170398324013705,-0.238929732449834,0.21408896563843,0.394924636732391,0.0699525639667291,0.125032447733379
"Permukaan.tangkai.buah..V20.",0.101953216223474,-0.107067129977513,0.139957170759247,-0.0750395961175639,-0.242375995018669,0.367190310325301,0.264297512773853,-0.174385991259631,-0.103475069413285
"Warna.kulit.buah.belum.masak..V21.",0.0617536891063388,0.282069911707564,-0.0153695340466242,-0.219559299570332,0.0808708259406401,0.097821545012356,-0.187552953962681,0.301396811674413,-0.0556890750466312
"Panjang.helaian.daun..V22.",-0.273220459724441,0.0296897037871714,0.0681524226645074,-0.0909745854528202,0.0962748608109711,0.246876274507701,-0.0733748749939238,0.0826251124026644,-0.177348037322365
"Lebar.helaian.daun..V23.",-0.291477130545137,-0.091115230769681,0.0300930004864532,-0.0794368546960166,-0.0420593679027172,0.0697774234956318,-0.122325535241011,0.170199006977606,0.14955397358132
"Panjang.tangkai.daun..V24.",-0.0517316721384559,0.252535899899319,0.284675345024735,-0.142393720727431,-0.072926737494613,-0.0301426875550079,0.0987336283429563,-0.00362706990059056,0.419766135949048
"Tinggi.batang.semu..V25.",-0.205949122908925,0.187883290290047,0.141597099444497,0.222971978942167,0.0520350334425558,0.0308360456303682,-0.00898093685108614,0.069961463241814,-0.0242326328387178
"Keliling.batang.semu..V26.",-0.295071092762532,0.0146893828768237,-0.0135635034447349,-0.156023326171993,-0.0209154990933679,0.035903228366314,0.056489302754729,0.123534570679253,0.0971326566447755
"Jumlah.sisir.pertandan..V27.",-0.182424391463881,-0.0241585727464939,-0.156401356941931,0.201666142976424,-0.0897649214119527,0.210857371097107,0.077311159609108,-0.374957877266333,-0.00613504074662322
"Jumlah.buah.persisir..V28.",-0.223950710083622,0.00528443005633276,0.164657816981873,0.194870765847633,0.187497593164774,0.172188625624071,0.0299571020055644,-0.0317442560045622,-0.0808373253615544
"Panjang.buah..K1.",-0.141978686808239,0.285709411932008,0.129847161984597,-0.121332609128894,-0.0369258958100887,0.0996315096202123,0.0649490564077309,-0.273153485922681,-0.0320152819643454
"Lebar.buah..K2.",-0.248142345637125,0.14102236940193,-0.0822232370285107,-0.163805044716175,-0.0914173641747585,0.171955357354709,0.060861584150129,-0.0527681121870721,-0.149839700356722
"Panjang.tangkai.buah..K3.",-0.210516420177557,-0.154396475467507,0.175136299960245,-0.126389100075529,0.169732054847627,-0.153802405727444,0.0105958715179794,-0.161388860423025,0.0929315383426706
"Lebar.tangkai.buah..K4.",0.0122337729787925,0.281622329912617,-0.263386112424798,-0.0673708871141707,-0.195006703278699,0.00982165541003987,-0.032113866423509,-0.0240159181240452,-0.0868226345806197
"Diameter.buah.tanpa.kulit..K5.",0.132964133877604,0.224739082338669,0.172137227550498,-0.103201587816537,0.173871940855894,0.102777722516834,0.254416621709406,0.210445239186232,-0.113275978375121
"Diameter.buah.dengan.kulit..K6.",0.220789738422673,0.199081600655746,0.0809683484834015,-0.0900960374211826,0.215734719595201,0.12788450865198,0.11674495896672,-0.0811859075373698,0.102590976810519
"Ketebalan.kulit..K7.",0.0268097227033588,0.269268204278821,0.0646469658853631,0.285021237248352,0.0134177536528811,-0.0360243866414429,0.229149784978963,-0.105881750980558,0.230033858340266
